<?xml version="1.0" encoding="utf-8"?>
<resources>
<style name="MenuFont">
    <item name="android:textSize">15dp</item>
    <item name="android:textColor">#F9f9f9f9</item>
    <item name="android:textStyle">bold</item>
    <item name="android:clickable">true</item>
    <item name="android:layout_weight">0.2</item>  
    <item name="android:gravity">right|center</item>
    <item name="android:layout_width">wrap_content</item>
    <item name="android:layout_height">wrap_content</item>
    <item name="android:typeface">monospace</item>

</style>
</resources>