<?xml version="1.0" encoding="UTF-8" standalone="no"?>
<project basedir="." default="createjars" name="AndEngine">

	<taskdef resource="net/sf/antcontrib/antcontrib.properties"/>
	
	<property environment="env" />
	<property name="ECLIPSE_HOME" value="E:/eclipse/galileo-android" />
	<property name="debuglevel" value="source,lines,vars" />
	<property name="target" value="1.6" />
	<property name="source" value="1.6" />
	<property name="bin" value="bin" />
	<property name="src" value="src" />
	
	<property name="binfile" value="bin/andengine.jar" />
	
	<property name="targetlist" value="../AndEngineExamples/lib/andengine.jar"/>
   	
   	<target name="package">
		<jar destfile="${binfile}">
			<zipfileset dir="${src}">
				<include name="**/*.*" />
				<exclude name="**/R.java" />
			</zipfileset>
			<zipfileset dir="${bin}">
				<include name="**/*.class" />
				<exclude name="**/R.class" />
				<exclude name="**/R$*.class" />
			</zipfileset>
		</jar>
	</target>
   
	<target name="createjar" >
		<echo>${targetfile}</echo>
        
		<copy file="${binfile}" tofile="${targetfile}"/>
		
		<eclipse.refreshLocal resource="${targetfile}" depth="infinite"/>
    </target>
	
	<target name="createjars" depends="package">
		<foreach list="${targetlist}" target="createjar" param="targetfile" delimiter="," trim="true" />
	</target>
</project>
